{"viscosity": 0.01, "N_force": 20, "A_values": [0.04881350392732475, 0.21518936637241948, 0.10276337607164387, 0.044883182996896864, -0.07634520066109529, 0.14589411306665612, -0.06241278873730749, 0.39177300078207977, 0.4636627605010293, -0.1165584811742223, 0.2917250380826646, 0.02889491975290448, 0.06804456109393231, 0.42559663829266103, -0.42896394180211306, -0.4128707002984593, -0.4797816025596743, 0.332619845547938, 0.2781567509498505, 0.37001214824681916], "\u03c9_values": [0.3828946737862112, 0.23932685137337895, -0.030816510197654523, 0.2244233410291644, -0.30538045930485347, 0.11193681706201908, -0.2853173700727629, 0.35573513363966713, 0.01747865740005733, -0.06827044800758114, -0.18835551031629844, 0.2193869515473733, -0.03507973422676114, 0.054747159094918785, -0.3849681596509159, 0.09410839766070167, 0.08967657817793712, 0.09354719749980556, 0.35499846281169933, 0.14545623928278673], "\u03c6_values": [2.258854758700192, 2.74595275088001, 4.3833460800803135, 0.37840779845898925, 4.1894188298046116, 4.213742008823038, 1.321872616625969, 0.8100678191340362, 1.9818947799947184, 2.2852621720496464, 3.582651970090873, 2.7558145850931806, 6.210135977294426, 0.6411664555659314, 1.3124113649063995, 1.013537592683231, 4.103600634560855, 1.5914780755099305, 2.929916996590301, 1.5357712883631425], "l_values": [6, 6, 4, 4, 4, 3, 4, 4, 4, 6, 3, 6, 4, 5, 3, 4, 5, 3, 5, 3]}